{"_id":{"$oid":"5c0e950b4836ff099170a3c3"},"id":0,"type":"","country":"SLOVENIA","date":"07.12.18","title":"","source":"RTV (state radio \u0026 TV)","link":"http://www.rtvslo.si/kultura/novice/izbiramo-pesmi-ki-nas-bodo-predstavljale-v-prvi-pesmarici-eu/474096"}
{"_id":{"$oid":"5c0e95a24836ff099170a3de"},"id":1,"type":"","country":"SLOVENIA","date":"07.12.18","title":"","source":"STA (news agency)","link":"https://misli.sta.si/2582459/slovenci-lahko-izbiramo-pesmi-za-prvo-pesmarico-eu"}
{"_id":{"$oid":"5c0e95dd4836ff099170a3e9"},"id":2,"type":"","country":"SLOVENIA","date":"07.12.18","title":"","source":"Demokracija","link":"http://www.demokracija.si/kultura/slovenci-lahko-izbiramo-pesmi-za-prvo-pesmarico-eu.html"}
{"_id":{"$oid":"5c0e96424836ff099170a3fb"},"id":3,"type":"","country":"SLOVENIA","date":"07.12.18","title":"","source":"Primorski Dnevnik","link":"http://www.primorski.eu/stories/alpejadran/294640_slovenci_izbiramo_pesmi_za_prvo_pesmarico_eu/#.XAp0jdv0nIU"}
{"_id":{"$oid":"5c0e96924836ff099170a405"},"id":4,"type":"","country":"SLOVENIA","date":"07.12.18","title":"","source":"Regional (Obala)","link":"https://regionalobala.si/novica/glasujte-za-naj-pesmi-predstavljale-nas-bodo-v-prvi-pesmarici-eu"}
{"_id":{"$oid":"5c0e96e64836ff099170a415"},"id":5,"type":"","country":"CROATIA","date":"30.11.18","title":"","source":"HRT","link":"https://magazin.hrt.hr/475398/hrvatska-bira-sest-pjesama-za-prvu-eu-pjesmaricuhttps://www.vecernji.hr/kultura/krenuo-odabir-hrvatskih-pjesama-za-pjesmaricu-eu-mozete-i-vi-glasati-1285952"}
{"_id":{"$oid":"5c0e971f4836ff099170a420"},"id":6,"type":"","country":"CROATIA","date":"30.11.18","title":"","source":"Vecerniji","link":"https://magazin.hrt.hr/475398/hrvatska-bira-sest-pjesama-za-prvu-eu-pjesmaricuhttps://www.vecernji.hr/kultura/krenuo-odabir-hrvatskih-pjesama-za-pjesmaricu-eu-mozete-i-vi-glasati-1285952"}
{"_id":{"$oid":"5c0e97744836ff099170a42c"},"id":7,"type":"","country":"CROATIA","date":"30.11.18","title":"","source":"Nacional","link":"https://www.nacional.hr/hrvatska-bira-sest-pjesama-za-prvu-eu-pjesmaricu/https://www.dnevno.hr/magazin/hrvatska-bira-sets-pjesama-koje-ce-uvrstiti-u-pjesmaricu-europske-unije-i-vi-mozete-glasati-1254775/"}
{"_id":{"$oid":"5c0e979d4836ff099170a434"},"id":8,"type":"","country":"CROATIA","date":"30.11.18","title":"","source":"Dnevno","link":"https://www.nacional.hr/hrvatska-bira-sest-pjesama-za-prvu-eu-pjesmaricu/https://www.dnevno.hr/magazin/hrvatska-bira-sets-pjesama-koje-ce-uvrstiti-u-pjesmaricu-europske-unije-i-vi-mozete-glasati-1254775/"}
{"_id":{"$oid":"5c0e97c84836ff099170a43e"},"id":9,"type":"","country":"CROATIA","date":"30.11.18","title":"","source":"RTL","link":"https://vijesti.rtl.hr/novosti/hrvatska/3297395/od-danas-krece-glasovanje-hrvatska-bira-sest-pjesama-za-prvu-eu-pjesmaricu/"}
{"_id":{"$oid":"5c0e98084836ff099170a448"},"id":10,"type":"","country":"CROATIA","date":"30.11.18","title":"","source":"Glas Istre","link":"https://www.glasistre.hr/pula/kojih-sest-pjesama-bi-trebalo-predstavljati-hrvate-u-prvoj-eu-pjesmarici-575601"}
{"_id":{"$oid":"5c0e98304836ff099170a44d"},"id":11,"type":"","country":"CROATIA","date":"30.11.18","title":"","source":"Croexpress","link":"https://www.croexpress.eu/vijest.php?vijest=17617"}
{"_id":{"$oid":"5c0e985b4836ff099170a457"},"id":12,"type":"","country":"CROATIA","date":"30.11.18","title":"","source":"Hr.n1","link":"http://hr.n1info.com/Kultura/a351941/Hrvatska-bira-sest-pjesama-za-prvu-EU-pjesmaricu.html"}
{"_id":{"$oid":"5c0e98824836ff099170a45f"},"id":13,"type":"","country":"CROATIA","date":"30.11.18","title":"","source":"Slobodna Dalmacija","link":"https://www.slobodnadalmacija.hr/novosti/hrvatska/clanak/id/577572/hrvatska-bira-sest-pjesama-za-prvu-eu-pjesmaricu-uz-tradicionalne-i-narodne-na-popisu-i-oliverovi-hitovi-evo-gdje-mozete-glasati"}
{"_id":{"$oid":"5c0e98a64836ff099170a463"},"id":14,"type":"","country":"CROATIA","date":"30.11.18","title":"","source":"Direktno","link":"https://direktno.hr/zivot/zabava/hrvatska-bira-sest-pjesama-prvu-eu-pjesmaricu-140654/"}
{"_id":{"$oid":"5c0e98d74836ff099170a46d"},"id":15,"type":"","country":"CROATIA","date":"30.11.18","title":"","source":"Obavjestajac.hr","link":"https://www.obavjestajac.hr/1575511/hrvatska-bira-sest-pjesama-za-prvu-eu-pjesmaricu"}
{"_id":{"$oid":"5c0e99024836ff099170a475"},"id":16,"type":"","country":"CROATIA","date":"30.11.18","title":"","source":"Net.hr","link":"https://net.hr/magazin/hrvatska-bira-sest-pjesama-za-prvu-eu-pjesmaricu-ovo-je-savrsen-nacin-da-se-bolje-upoznamo/"}
{"_id":{"$oid":"5c0e99254836ff099170a479"},"id":17,"type":"","country":"CROATIA","date":"30.11.18","title":"","source":"Fenix Magazin","link":"http://fenix-magazin.de/hrvatska-bira-sest-pjesama-za-prvu-eu-pjesmaricu1/"}
{"_id":{"$oid":"5c0e99634836ff099170a484"},"id":18,"type":"","country":"CROATIA","date":"30.11.18","title":"","source":"Politika+","link":"http://www.politikaplus.com/novost/177316/hrvatska-bira-sest-pjesama-za-prvu-eu-pjesmaricu"}
{"_id":{"$oid":"5c0e99934836ff099170a48e"},"id":19,"type":"","country":"CROATIA","date":"30.11.18","title":"","source":"Bljesak.info","link":"https://www.bljesak.info/kultura/glazba/hrvatska-bira-sest-pjesama-za-prvu-eu-pjesmaricu/254834"}
{"_id":{"$oid":"5c0e99d84836ff099170a498"},"id":20,"type":"","country":"CROATIA","date":"30.11.18","title":"","source":"Karlovcki.hr","link":"http://karlovacki.hr/bira-se-sest-pjesama-za-prvu-eu-pjesmaricu/"}
{"_id":{"$oid":"5c0e9a024836ff099170a4a2"},"id":21,"type":"","country":"CROATIA","date":"30.11.18","title":"","source":"FENA","link":"http://www.fena.ba/article/1055376/hrvatska-bira-sest-pjesama-za-prvu-eu-pjesmaricu"}
{"_id":{"$oid":"5c0e9a3c4836ff099170a4ac"},"id":22,"type":"","country":"CROATIA","date":"30.11.18","title":"","source":"Culturenet.hr","link":"https://www.culturenet.hr/default.aspx?id=87899"}
{"_id":{"$oid":"5c0e9a5b4836ff099170a4b4"},"id":23,"type":"","country":"CROATIA","date":"30.11.18","title":"","source":"Croportal","link":"http://www.croportal.net/novosti/Hrvatska_bira_sest_pjesama_za_prvu_EU_pjesmaricu-4511313"}
{"_id":{"$oid":"5c0e9a7d4836ff099170a4b9"},"id":24,"type":"","country":"CROATIA","date":"30.11.18","title":"","source":"Akta.ba","link":"https://www.akta.ba/eu/hrvatska-bira-sest-pjesama-za-prvu-eu-pjesmaricu/96503"}
{"_id":{"$oid":"5c0e9afd4836ff099170a4cb"},"id":25,"type":"","country":"MALTA","date":"23.11.18","title":"Liema sitt kanzunetti għandhom jirrappreżentaw lil Malta fl-ewwel ktieb tal-kanzunetti tal-EU?","source":"ONE News.mt","link":"http://www.one.com.mt/news/2018/11/23/liema-sitt-kanzunetti-ghandhom-jirraprezentaw-lil-malta-fl-ewwel-ktieb-tal-kanzunetti-tal-eu/"}
{"_id":{"$oid":"5c0e9b574836ff099170a4db"},"id":26,"type":"","country":"MALTA","date":"23.11.18","title":"Six songs to represent the Maltese in the first EU Songbook","source":"The Times of Malta","link":"https://www.timesofmalta.com/articles/view/20181123/arts-entertainment/six-songs-to-represent-the-maltese-in-the-first-eu-songbook.694966#"}
{"_id":{"$oid":"5c0e9baf4836ff099170a4e9"},"id":27,"type":"","country":"MALTA","date":"23.11.18","title":"Voting open for six songs to represent the Maltese in first EU Songbook","source":"The World News.net","link":"https://theworldnews.net/mt-news/voting-open-for-six-songs-to-represent-the-maltese-in-first-eu-songbook"}
{"_id":{"$oid":"5c0e9bf44836ff099170a4f3"},"id":28,"type":"","country":"MALTA","date":"23.11.18","title":"Voting open for six songs to represent the Maltese in first EU Songbook","source":"The Malta Independent","link":"http://www.independent.com.mt/articles/2018-11-23/local-news/Voting-open-for-six-songs-to-represent-the-Maltese-in-first-EU-Songbook-6736199781"}
{"_id":{"$oid":"5c0e9c2c4836ff099170a4fd"},"id":29,"type":"","country":"MALTA","date":"23.11.18","title":"Which are the Maltese songs you want featured in the EU’s very first songbook?","source":"Malta Today","link":"https://www.maltatoday.com.mt/arts/music/91140/which_are_the_maltese_songs_you_want_featured_in_the_eus_very_first_songbook_#.W_dUJjj0nIU"}
{"_id":{"$oid":"5c0e9c6b4836ff099170a507"},"id":30,"type":"","country":"MALTA","date":"23.11.18","title":"Vote Now For Six Maltese Songs To Make It To The EU Songbook","source":"by Becca Bonello Ghio","link":"https://lovinmalta.com/lifestyle/music/help-six-maltese-songs-make-it-to-the-eu-songbook"}
{"_id":{"$oid":"5c0e9cea4836ff099170a520"},"id":31,"type":"Audio","country":"LUXEMBOURG","date":"31.10.18","title":"De Spigel vun der kultureller Diversitéit: 2019 gëtt en EU-Songbook publizéiert.","source":"Klassik Aktuel, Radio 100.7,  public service: 5 min","link":"https://www.100komma7.lu/program/episode/226803/201810311410-201810311415"}
{"_id":{"$oid":"5c0e9d7f4836ff099170a535"},"id":32,"type":"Written","country":"LUXEMBOURG","date":"30.10.18","title":"Vu “Feierwon” bis “Bopebistrot”","source":"Lëtzebuerger Journal","link":"http://www.eu-songbook.org/wp-content/uploads/2018/11/Letzeburger-Journal-EU-Songbook.pdf"}
{"_id":{"$oid":"5c0e9de44836ff099170a545"},"id":33,"type":"Written","country":"LUXEMBOURG","date":"30.10.18","title":"Sicht 6 Lidder aus ärer Heemecht eraus!","source":"article + 1:34 minute segment, Eldo.lu (radio station)","link":"http://www.eldo.lu/radio/reportagen/87390.html"}
{"_id":{"$oid":"5c0e9e294836ff099170a550"},"id":34,"type":"Written","country":"LUXEMBOURG","date":"29.10.18","title":"Chansons pour le recueil européen?","source":"page four, L’essentiel","link":"http://www.eu-songbook.org/wp-content/uploads/2018/10/LESSENTIELLE_PAPER_29.10.18.pdf"}
{"_id":{"$oid":"5c0e9e824836ff099170a55c"},"id":35,"type":"Written","country":"LUXEMBOURG","date":"28.10.18","title":"Sechs Lidder fir d’Lëtzebuerger","source":"Moien.lu","link":"https://moien.lu/sechs-letzebuerger-lidder-am-the-eu-songbook/"}
{"_id":{"$oid":"5c0e9ecf4836ff099170a56c"},"id":36,"type":"Written","country":"LUXEMBOURG","date":"28.10.18","title":"Sechs Lidder fir d’Lëtzebuerger","source":"Maddi Online Magasine","link":"https://maddi.lu/2018/10/28/sechs-lidder-fir-dletzebuerger/"}
{"_id":{"$oid":"5c0e9f1d4836ff099170a576"},"id":37,"type":"Written","country":"LUXEMBOURG","date":"27.10.18","title":"Wielt är 6 Lidder, déi Lëtzebuerg representéiere sollen","source":"RTL.lu","link":"http://www.rtl.lu/kultur/1258652.html"}
{"_id":{"$oid":"5c0e9f5b4836ff099170a581"},"id":38,"type":"Written","country":"LUXEMBOURG","date":"26.10.18","title":"Quelles chansons dans le recueil européen?","source":"L’essentiel.lu","link":"http://www.lessentiel.lu/fr/luxembourg/story/quelles-chansons-dans-le-recueil-europeen-21789129"}
{"_id":{"$oid":"5c0eaca54836ff099170a627"},"id":39,"type":"In Dutch","country":"BELGIUM","date":"10.11.18","title":"Welke 6 Belgische liedjes moet Europa leren kennen? Stem mee","source":"by Robbe De Graeve, Joris Vergeyle, VRT, Belgian State Radio: all five radio channels under VRT – “Klara”, “MNM – Music and More”, “Radio 1”, “Radio 2” \u0026 “Studio Brussel” – in a joint publication","link":"https://www.vrt.be/vrtnws/nl/2018/11/07/welke-6-belgische-liedjes-moet-europa-leren-kennen-stem-mee/"}
{"_id":{"$oid":"5c0ead834836ff099170a64a"},"id":40,"type":"In Dutch","country":"BELGIUM","date":"04.11.18","title":"Kies de zes Belgische songs die elke Europeaan moet kennen","source":"by Inge Schelstraete, De Standard","link":"http://www.standaard.be/cnt/dmf20181104_03905615"}
{"_id":{"$oid":"5c0eadef4836ff099170a65d"},"id":41,"type":"In Dutch","country":"BELGIUM","date":"19.10.18","title":"Belgen kunnen vanaf vandaag stemmen voor 6 Belgische liedjes in eerste EU Songbook","source":"VRT NWS (National public service)","link":"https://www.vrt.be/vrtnws/nl/2018/10/19/belgen-kunnen-stemmen-voor-6-belgische-nummers-in-eerste-eu-song/"}
{"_id":{"$oid":"5c0eae844836ff099170a66f"},"id":42,"type":"In Dutch","country":"BELGIUM","date":"19.10.18","title":"Op zoek naar 6 Belgische liedjes in het eerste EU Songbook","source":"VRT Radio2","link":"https://radio2.be/artikels/op-zoek-naar-6-belgische-liedjes-in-het-eerste-eu-songbook"}
{"_id":{"$oid":"5c0eaed44836ff099170a681"},"id":43,"type":"In Dutch","country":"BELGIUM","date":"19.10.18","title":"Welke liedjes wilt u Europa leren kennen? Belgen kunnen stemmen voor zes klassiekers in eerste EU songbook","source":"Nieuwsblad","link":"https://www.nieuwsblad.be/cnt/dmf20181019_03857388"}
{"_id":{"$oid":"5c0eaf2a4836ff099170a68c"},"id":44,"type":"In Dutch","country":"BELGIUM","date":"19.10.18","title":"Belgen kunnen binnenkort stemmen voor zes Belgische nummers in eerste EU songbook","source":"Het Belang van Limburg","link":"https://www.hbvl.be/cnt/dmf20181018_03854682/belgen-kunnen-binnenkort-stemmen-voor-zes-belgische-nummers-in-eerste-eu-songbook"}
{"_id":{"$oid":"5c0eafa64836ff099170a69e"},"id":45,"type":"In Dutch","country":"BELGIUM","date":"19.10.18","title":"Belgen kunnen binnenkort stemmen voor zes Belgische nummers in eerste EU songbook","source":"GVA","link":"https://www.gva.be/cnt/dmf20181018_03854682/belgen-kunnen-binnenkort-stemmen-voor-zes-belgische-nummers-in-eerste-eu-songbook"}
{"_id":{"$oid":"5c0eaffc4836ff099170a6b0"},"id":46,"type":"In Dutch","country":"BELGIUM","date":"19.10.18","title":"Belgen kunnen binnenkort stemmen voor zes Belgische nummers in eerste EU songbook","source":"Metro","link":"https://nl.metrotime.be/2018/10/18/news/belgen-kunnen-stemmen-voor-zes-belgische-nummers-in-eerste-eu-songbook/"}
{"_id":{"$oid":"5c0eb0bc4836ff099170a6cb"},"id":47,"type":"In Dutch","country":"BELGIUM","date":"19.10.18","title":"Belgen kunnen binnenkort stemmen voor zes Belgische nummers in eerste EU songbook","source":"HLN","link":"https://www.hln.be/showbizz/muziek/belgen-kunnen-stemmen-voor-ne-me-quitte-pas-en-andere-belgische-nummers-voor-eu-liedboek~a133b49a/?referer=https%3A%2F%2Fwww.google.dk%2F"}
{"_id":{"$oid":"5c0eb1944836ff099170a6f7"},"id":48,"type":"In Dutch","country":"BELGIUM","date":"19.10.18","title":"Belgen kunnen binnenkort stemmen voor zes Belgische nummers in eerste EU songbook","source":"Proximus","link":"https://www.proximus.be/music/nl/article/1896414/belgen-kunnen-stemmen-voor-zes-belgische-nummers-in-eerste-eu-songbook"}
{"_id":{"$oid":"5c0eb1ed4836ff099170a716"},"id":49,"type":"In Dutch","country":"BELGIUM","date":"19.10.18","title":"KIES MEE DE BESTE LIEDJES UIT BELGIË","source":"Koor en Stem","link":"https://www.koorenstem.be/nl/nieuws/kies-mee-de-beste-liedjes-uit-belgie"}
{"_id":{"$oid":"5c0eb2644836ff099170a730"},"id":50,"type":"In French","country":"BELGIUM","date":"20.10.18","title":"Les Belges invités à choisir six chansons pour le 1er recueil européen de chansons","source":"l ‘Avenir","link":"https://www.lavenir.net/cnt/dmf20181019_01244751"}
{"_id":{"$oid":"5c0eb34f4836ff099170a772"},"id":51,"type":"In French","country":"BELGIUM","date":"19.10.18","title":"Les Belges invités à choisir six chansons pour le 1er recueil européen de chansons","source":"Metro","link":"https://fr.metrotime.be/2018/10/18/news/les-belges-invites-a-choisir-six-chansons-pour-le-1er-recueil-europeen-de-chansons/"}
{"_id":{"$oid":"5c0eb39d4836ff099170a785"},"id":52,"type":"In French","country":"BELGIUM","date":"19.10.18","title":"Les Belges invités à choisir six chansons pour le 1er recueil européen de chansons","source":"DH.be","link":"http://www.dhnet.be/dernieres-depeches/belga/les-belges-invites-a-choisir-six-chansons-pour-le-1er-recueil-europeen-de-chansons-5bc909f3cd708c805c3e0f82"}
{"_id":{"$oid":"5c0eb3ce4836ff099170a793"},"id":53,"type":"In French","country":"BELGIUM","date":"19.10.18","title":"Les Belges invités à choisir six chansons pour le 1er recueil européen de chansons","source":"BX1","link":"https://bx1.be/depeches/les-belges-invites-a-choisir-six-chansons-pour-le-1er-recueil-europeen-de-chansons/"}
{"_id":{"$oid":"5c0eb4034836ff099170a7a3"},"id":54,"type":"In French","country":"BELGIUM","date":"19.10.18","title":"Les Belges invités à choisir six chansons pour le 1er recueil européen de chansons","source":"LaLibre.be","link":"http://www.lalibre.be/dernieres-depeches/belga/les-belges-invites-a-choisir-six-chansons-pour-le-1er-recueil-europeen-de-chansons-5bc909f3cd708c805c3e0f82"}
{"_id":{"$oid":"5c0eb44a4836ff099170a7b5"},"id":55,"type":"In French","country":"BELGIUM","date":"19.10.18","title":"Toi aussi, élis tes six chansons belges préférées","source":"LU cie \u0026 Co (litterature blog)","link":"https://lu-cieandco.blogspot.com/2018/10/toi-aussi-elis-tes-six-chansons-belges.html"}
{"_id":{"$oid":"5c0eb5524836ff099170a7f2"},"id":56,"type":"Written","country":"PORTUGAL","date":"27.10.18","title":"Amália e Zeca Afonso em cancioneiro europeu","source":"Filipa Silva, Journal de Noticias (print)","link":"http://www.eu-songbook.org/wp-content/uploads/2018/11/Scanned-article-POR.pdf"}
{"_id":{"$oid":"5c0eb5a84836ff099170a80c"},"id":57,"type":"Written","country":"PORTUGAL","date":"13.10.18","title":"Milhares já votaram no Cancioneiro da UE","source":"Correio da Manhã, by Sónia Dias","link":"https://www.cmjornal.pt/cultura/detalhe/milhares-ja-votaram-no-cancioneiro-da-ue?ref=cultura_destaque"}
{"_id":{"$oid":"5c0eb6784836ff099170a83d"},"id":58,"type":"Written","country":"PORTUGAL","date":"12.10.18","title":"«Foi Deus» é a canção portuguesa com mais votoda para o Cancioneiro da UE","source":"Port.com","link":"http://www.revistaport.com/noticia/3/4672"}
{"_id":{"$oid":"5c0eb6cc4836ff099170a857"},"id":59,"type":"Written","country":"PORTUGAL","date":"12.10.18","title":"«Foi Deus» é a canção portuguesa com mais votos para o Cancioneiro da UE","source":"ncultura","link":"https://ncultura.pt/foi-deus-e-a-cancao-portuguesa-com-mais-votos-para-o-cancioneiro-da-ue/"}
{"_id":{"$oid":"5c0eb71e4836ff099170a86a"},"id":60,"type":"","country":"PORTUGAL","date":"11.10.18","title":"Cancioneiro da UE","source":"Radio Sim (Grupo Renascença), at 10:20 am, interview with EU Songbook editor for Portugal Manuela Encarnação, Associação Portuguesa de Educação Musical (APEM)","link":"https://radiosim.sapo.pt/Detalhe.aspx?fid=1361\u0026did=36773\u0026FolderID=1321"}
{"_id":{"$oid":"5c0eb77d4836ff099170a886"},"id":61,"type":"","country":"PORTUGAL","date":"11.10.18","title":"“Foi Deus” é a canção portuguesa mais votada para o Cancioneiro da União Europeia","source":"Sapo 24 / vida","link":"https://24.sapo.pt/vida/artigos/foi-deus-e-a-cancao-portuguesa-mais-votada-para-o-cancioneiro-da-uniao-europeia#comentarios"}
{"_id":{"$oid":"5c0eb7b44836ff099170a896"},"id":62,"type":"","country":"PORTUGAL","date":"11.10.18","title":"”Amar Pelos Dois” na corrida para integrar o Cancioneiro da UE","source":"ESC – Eurovision Portugal","link":"http://www.escportugal.pt/2018/10/amar-pelos-dois-na-corrida-para.html"}
{"_id":{"$oid":"5c0eb8014836ff099170a8a6"},"id":63,"type":"","country":"PORTUGAL","date":"11.10.18","title":"Quatro canções dos Festivais da RTP na corrida para o Cancioneiro da União Europeia","source":"Festivais da Canção","link":"https://festivaiscancao.wordpress.com/2018/10/11/quatro-cancoes-dos-festivais-da-rtp-na-corrida-para-o-cancioneiro-da-uniao-europeia/"}
{"_id":{"$oid":"5c0eb8804836ff099170a8c5"},"id":64,"type":"","country":"PORTUGAL","date":"10.10.18","title":"Foi Deus” é a canção portuguesa mais votada para o Cancioneiro da UE","source":"RTP (Portugal state radio \u0026 TV), Noticias/cultura","link":"https://www.rtp.pt/noticias/cultura/foi-deus-e-a-cancao-portuguesa-mais-votada-para-o-cancioneiro-da-ue_n1104089"}
{"_id":{"$oid":"5c0eb9d94836ff099170a91c"},"id":65,"type":"","country":"PORTUGAL","date":"10.10.18","title":"”Foi Deus” é a canção portuguesa mais votada para o Cancioneiro da UE","source":"SAPO MAG","link":"https://mag.sapo.pt/showbiz/artigos/foi-deus-e-a-cancao-portuguesa-mais-votada-para-o-cancioneiro-da-ue"}
{"_id":{"$oid":"5c0eba354836ff099170a930"},"id":66,"type":"","country":"PORTUGAL","date":"10.10.18","title":"ESCOLHE AQUI AS MÚSICAS PORTUGUESAS PARA O PRIMEIRO CANCIONEIRO EUROPEU","source":"RFM (sapo)","link":"https://rfm.sapo.pt/content/4887/escolhe-aqui-as-musicas-portuguesas-para-o-primeiro-cancioneiro-europeu"}
{"_id":{"$oid":"5c0ebab64836ff099170a94f"},"id":67,"type":"","country":"PORTUGAL","date":"10.10.18","title":"Conheça as canções candidatas ao Cancioneiro da UE","source":"TVI 24","link":"https://tvi24.iol.pt/musica/foi-deus/conheca-as-cancoes-candidatas-ao-cancioneiro-da-ue"}
{"_id":{"$oid":"5c0ebb094836ff099170a969"},"id":68,"type":"","country":"PORTUGAL","date":"10.10.18","title":"”Foi Deus” é a canção portuguesa mais votada para o Cancioneiro da UE","source":"Diário de Notícias","link":"https://www.dn.pt/lusa/interior/foi-deus-e-a-cancao-portuguesa-mais-votada-para-o-cancioneiro-da-ue-9979052.html"}
{"_id":{"$oid":"5c0ebb6c4836ff099170a97d"},"id":69,"type":"","country":"PORTUGAL","date":"10.10.18","title":"‘Foi Deus’ é a canção portuguesa mais votada para o Cancioneiro da UE","source":"The World News","link":"https://theworldnews.net/pt-news/foi-deus-e-a-cancao-portuguesa-mais-votada-para-o-cancioneiro-da-ue"}
{"_id":{"$oid":"5c0ebc524836ff099170a9b8"},"id":70,"type":"","country":"PORTUGAL","date":"10.10.18","title":"“Foi Deus” é a canção portuguesa mais votada para o Cancioneiro da UE","source":"Mundo Português","link":"https://www.mundoportugues.pt/foi-deus-e-a-cancao-portuguesa-mais-votada-para-o-cancioneiro-da-ue/"}
{"_id":{"$oid":"5c0ebca74836ff099170a9d2"},"id":71,"type":"","country":"PORTUGAL","date":"10.10.18","title":"CANÇÃO DE AMÁLIA DEVERÁ INTEGRAR CANCIONEIRO DA UE","source":"A BOLA","link":"https://www.abola.pt/Nnh/Noticias/Ver/753837"}
{"_id":{"$oid":"5c0ebd244836ff099170a9f2"},"id":72,"type":"","country":"PORTUGAL","date":"10.10.18","title":"‘Foi Deus’ é a canção portuguesa mais votada para o Cancioneiro da UE","source":"dnoticias.pt","link":"http://www.dnoticias.pt/5-sentidos/foi-deus-e-a-cancao-portuguesa-mais-votada-para-o-cancioneiro-da-ue-EI3794655"}
{"_id":{"$oid":"5c0ebdd94836ff099170aa1f"},"id":73,"type":"","country":"PORTUGAL","date":"10.10.18","title":"“Foi Deus” é a canção portuguesa mais votada para o Cancioneiro da UE","source":"TSF radio noticias","link":"https://www.tsf.pt/lusa/interior/foi-deus-e-a-cancao-portuguesa-mais-votada-para-o-cancioneiro-da-ue-9979053.html"}
{"_id":{"$oid":"5c0ebe7f4836ff099170aa4c"},"id":74,"type":"","country":"PORTUGAL","date":"10.10.18","title":"Seis canções representam portugueses no 1.º Cancioneiro da UE","source":"","link":"https://ec.europa.eu/portugal/news/six-portuguese-songs-songbook-eu_pt"}
{"_id":{"$oid":"5c0ebedd4836ff099170aa5e"},"id":75,"type":"","country":"PORTUGAL","date":"10.10.18","title":"Sabe qual é a música portuguesa mais votada para o cancioneiro da UE?","source":"BOM DIA","link":"https://bomdia.eu/sabe-qual-e-a-musica-portuguesa-mais-votada-para-o-cancioneiro-da-ue/"}
{"_id":{"$oid":"5c0ebf3e4836ff099170aa7a"},"id":76,"type":"","country":"PORTUGAL","date":"10.10.18","title":"“Foi Deus” é a canção portuguesa mais votada para o Cancioneiro da UE","source":"O JOGO","link":"https://www.ojogo.pt/extra/lusa/interior/foi-deus-e-a-cancao-portuguesa-mais-votada-para-o-cancioneiro-da-ue-9979055.html"}
{"_id":{"$oid":"5c0ebfa04836ff099170aa8f"},"id":77,"type":"","country":"PORTUGAL","date":"28.09.18","title":"Primeiro Cancioneiro da UE","source":"Edição da Associação Portuguesa de Educação Musical, p.8","link":"http://www.apem.org.pt/newsletter/NL_SETEMBRO_18.pdf"}
{"_id":{"$oid":"5c0ec0404836ff099170aab9"},"id":78,"type":"","country":"CROATIA","date":"30.11.18","title":"Hrvatska bira šest pjesama za prvu pjesmaricu Europske unije!","source":"Lika Club","link":"http://likaclub.eu/hrvatska-bira-sest-pjesama-za-prvu-pjesmaricu-europske-unije/"}
